id,tsne1,tsne2
NC_045512.2,6.945146,8.163542
OP090658.1,0.61131215,0.55376464
MZ202178.1,-6.753371,10.566206
MZ202314.1,1.7157017,18.790466
MZ202306.1,-10.67719,-1.119941
MZ468047.1,17.935724,3.6584756
OM264909.1,-0.53482014,-10.700878
ON128736.1,14.716882,16.331648
OR775659.1,11.040401,-5.8681765
